Sample Name,a2_macroglobulin_concentration_nanogram_per_milliliter,a2_macroglobulin_percent,agp_concentration_nanogram_per_milliliter,agp_percent,crp_concentration_picogram_per_milliliter,crp_percent,fetuin_a36_concentration_nanogram_per_milliliter,fetuin_a36_percent,fibrinogen_concentration_nanogram_per_milliliter,fibrinogen_percent,haptoglobin_concentration_nanogram_per_milliliter,haptoglobin_percent,l_selectin_concentration_picogram_per_milliliter,l_selectin_percent,pf4_concentration_nanogram_per_milliliter,pf4_percent,sap_concentration_picogram_per_milliliter,sap_percent,astronautID,timepoint
C002_serum_L-3,1892200.0,129.7013378,3653700.0,170.0456486,11967000,67.56245589,294376.04,120.1783663,6533.18,154.7572692,3825900.0,65.72778097,1336800.0,137.9640573,15879.14,137.8145448,11733000,128.0987262,C002,L-3
C002_serum_L-44,734243.34,50.32889943,1963300.0,91.37329884,1568500,8.855328158,190495.51,77.76937003,4027.43,95.40133114,80330.74,1.380057316,893494.17,92.21280733,3335.42,28.94800279,4509000,49.2284289,C002,L-44
C002_serum_L-92,2036900.0,139.6198367,2932000.0,136.4572466,8927100,50.4,276877.57,113.0346547,3657.0,86.62662492,3204700.0,55.05575673,1285900.0,132.7109375,13652.06,118.4857892,10983000,119.9103647,C002,L-92
C002_serum_R+1,913857.15,62.64057444,942754.34,43.87641932,9311500,52.57021877,125785.45,51.35163136,1999.88,47.37294357,568223.15,9.76189831,629653.79,64.98323724,5951.22,51.65044676,5592700,61.06006527,C002,R+1
C002_serum_R+194,2342900.0,160.5946858,2220700.0,103.3528675,21462000,121.1686662,241485.24,98.58581436,2852.5,67.56971495,6036000.0,103.6966167,1077400.0,111.1927553,21024.9,182.4744301,11337000,123.7752713,C002,R+194
C002_serum_R+45,1820800.0,124.8072064,2479200.0,115.3836309,3677200,20.76047989,270655.44,110.4944839,4074.55,96.51750466,3442000.0,59.13249748,1247300.0,128.7272357,14071.86,122.1292198,10765000,117.530281,C002,R+45
C002_serum_R+82,1403700.0,96.21697914,2968900.0,138.1745973,8633700,48.7435427,253558.23,103.5145858,3279.23,77.67804955,17907000.0,307.6367322,1114100.0,114.9803682,12168.67,105.6114951,10210000,111.4708936,C002,R+82
