Sample Name,a2_macroglobulin_concentration_nanogram_per_milliliter,a2_macroglobulin_percent,agp_concentration_nanogram_per_milliliter,agp_percent,crp_concentration_picogram_per_milliliter,crp_percent,fetuin_a36_concentration_nanogram_per_milliliter,fetuin_a36_percent,fibrinogen_concentration_nanogram_per_milliliter,fibrinogen_percent,haptoglobin_concentration_nanogram_per_milliliter,haptoglobin_percent,l_selectin_concentration_picogram_per_milliliter,l_selectin_percent,pf4_concentration_nanogram_per_milliliter,pf4_percent,sap_concentration_picogram_per_milliliter,sap_percent,astronautID,timepoint
C004_serum_L-3,1780800.0,122.0653961,3606700.0,167.8582371,13742000,77.58362738,329448.71,134.4967062,5428.66,128.5935175,17907000.0,307.6367322,1364800.0,140.8537892,19678.31,170.7874189,12111000,132.2256603,C004,L-3
C004_serum_L-44,634017.94,43.45892349,2165100.0,100.7652062,1289600,7.280733945,180155.97,73.54827572,3602.38,85.3327922,73870.48,1.269072043,789635.95,81.49414978,2156.35,18.71489222,4048000,44.19531608,C004,L-44
C004_serum_L-92,1354300.0,92.83084338,2918800.0,135.8429097,21378000,120.6944248,253064.34,103.3129563,3226.41,76.42685504,17907000.0,307.6367322,1075600.0,111.0069868,13080.91,113.5287967,10138000,110.6848109,C004,L-92
C004_serum_R+1,1651200.0,113.1819306,3338700.0,155.3853374,17701000,99.9350741,280617.78,114.5615871,4187.89,99.20229046,17907000.0,307.6367322,1119400.0,115.5273532,14317.3,124.2593857,12329000,134.605744,C004,R+1
C004_serum_R+194,1568600.0,107.5200922,4564200.0,212.4209293,46006000,259.7374735,285112.88,116.3967018,4390.9,104.0111696,17907000.0,307.6367322,1250800.0,129.0884521,15624.9,135.608004,13414000,146.4515736,C004,R+194
C004_serum_R+45,1526000.0,104.6000642,3484600.0,162.1756212,22407000,126.5038814,287113.08,117.213279,2840.5,67.28546023,17907000.0,307.6367322,1256100.0,129.6354371,15095.42,131.0126641,11850000,129.3761105,C004,R+45
C004_serum_R+82,1785900.0,122.4149769,2651400.0,123.3979344,7902300,44.61425547,245913.55,100.3936621,3553.01,84.16332092,2919100.0,50.14923689,1193000.0,123.1232199,13342.85,115.8021655,9482000,103.5227241,C004,R+82
